Idx;AddrHex;AddrDec;He;x;Byte_1;Byte_2;UInt16;Int16   Chr;Bin;;;;Beschreibung;Kurzname ;Einheit ;Umrechungsfaktor;1 Prüfung  ;Datum ;2 Prüfung ;Datum 
0;0x0001;1;0;0;0;0;0;0;0;0;0;0;;;;;;;;
1;0x0002;2;0;1;0;1;1;1;0;0;0;1;;;;;;;;
2;0x0003;3;0;1;0;1;1;1;0;0;0;1;;;;;;;;
3;0x0004;4;0;0;0;0;0;0;0;0;0;0;;;;;;;;
4;0x0005;5;0;0;0;0;0;0;0;0;0;0;;;;;;;;
5;0x0006;6;0;1;0;1;1;1;0;0;0;1;"Betriebsmeldung [ 0 .. Aus; 1 .. Ein] / Wenn 0 Aus ist wohl der Hauptschalter ausgeschaltet ?";;;;;;;
6;0x0007;7;AB;F2;171;242;44018;-21518;1010;1011;1111;10;;;;;;;;
7;0x0008;8;0;3;0;3;3;3;0;0;0;11;;;;;;;;
8;0x0009;9;0;0;0;0;0;0;0;0;0;0;;;;;;;;
9;0x000a;10;0;0;0;0;0;0;0;0;0;0;;;;;;;;
10;0x000b;11;0;3;0;3;3;3;0;0;0;11;;;;;;;;
11;0x000c;12;0;17;0;23;23;23;0;0;1;111;;;;;;;;
12;0x000d;13;0;17;0;23;23;23;0;0;1;111;;;;;;;;
13;0x000e;14;0;0;0;0;0;0;0;0;0;0;;;;;;;;
14;0x000f;15;0;3;0;3;3;3;0;0;0;11;;;;;;;;
18;0x0013;19;0;1;0;1;1;1;0;0;0;1;;;;;;;;
19;0x0014;20;0;0;0;0;0;0;0;0;0;0;;;;;;;;
20;0x0015;21;0;0;0;0;0;0;0;0;0;0;;;;;;;;
21;0x0016;22;0;0;0;0;0;0;0;0;0;0;;;;;;;;
22;0x0017;23;0;0;0;0;0;0;0;0;0;0;;;;;;;;
23;0x0018;24;0;0;0;0;0;0;0;0;0;0;;;;;;;;
24;0x0019;25;0;0;0;0;0;0;0;0;0;0;;;;;;;;
25;0x001a;26;0;0;0;0;0;0;0;0;0;0;;;;;;;;
26;0x001b;27;0;0;0;0;0;0;0;0;0;0;;;;;;;;
28;0x001d;29;0;1;0;1;1;1;0;0;0;1;;;;;;;;
29;0x001e;30;0;0;0;0;0;0;0;0;0;0;;;;;;;;
30;0x001f;31;0;0;0;0;0;0;0;0;0;0;;;;;;;;
31;0x0020;32;0;1;0;1;1;1;0;0;0;1;;;;;;;;
32;0x0021;33;0;0;0;0;0;0;0;0;0;0;;;;;;;;
33;0x0022;34;0;0;0;0;0;0;0;0;0;0;;;;;;;;
34;0x0023;35;0;0;0;0;0;0;0;0;0;0;;;;;;;;
35;0x0024;36;0;0;0;0;0;0;0;0;0;0;;;;;;;;
36;0x0025;37;0;0;0;0;0;0;0;0;0;0;;;;;;;;
37;0x0026;38;0;0;0;0;0;0;0;0;0;0;;;;;;;;
38;0x0027;39;0;0;0;0;0;0;0;0;0;0;;;;;;;;
39;0x0028;40;0;0;0;0;0;0;0;0;0;0;;;;;;;;
40;0x0029;41;0;0;0;0;0;0;0;0;0;0;;;;;;;;
41;0x002a;42;0;0;0;0;0;0;0;0;0;0;;;;;;;;
42;0x002b;43;0;0;0;0;0;0;0;0;0;0;;;;;;;;
48;0x0031;49;1;8C;1;140;396;396;0;1;1000;1100;;;;;;;;
49;0x0032;50;0;2;0;2;2;2;0;0;0;10;Controler;temperatureReTe      ;;; ??;;;
51;0x0034;52;0;19;0;25;25;25;0;0;1;1001;;;;;;;;
53;0x0036;54;0D;5A;13;90;3418;3418;0;1101;101;1010;;;;;;;;
55;0x0038;56;0;0;0;0;0;0;0;0;0;0;;;;;;;;
56;0x0039;57;0;0;0;0;0;0;0;0;0;0;;;;;;;;
58;0x003b;59;1;5A;1;90;346;346;0;1;101;1010;;;;;;;;
59;0x003c;60;1;68;1;104;360;360;0;1;110;1000;;;;;;;;
60;0x003d;61;1;41;1;65;321;321;0;1;100;1;;;;;;;;
61;0x003e;62;1;62;1;98;354;354;0;1;110;10;;;;;;;;
62;0x003f;63;1;1;1;1;257;257;0;1;0;1;;;;;;;;
63;0x0040;64;0;F4;0;244;244;244;0;0;1111;100;;;;;;;;
64;0x0041;65;0;8F;0;143;143;143;0;0;1000;1111;;;;;;;;
65;0x0042;66;1;ED;1;237;493;493;0;1;1110;1101;;;;;;;;
66;0x0043;67;1;8C;1;140;396;396;0;1;1000;1100;;;;;;;;
67;0x0044;68;1;D6;1;214;470;470;0;1;1101;110;;;;;;;;
68;0x0045;69;1;D5;1;213;469;469;0;1;1101;101;Temp. DHW-Tank;upperSpo;   C° = Temperature;;;;;
69;0x0046;70;1;BE;1;190;446;446;0;1;1011;1110;Temp. DHW-Tank;middleSpm;   C° = Temperature;;;;;
70;0x0047;71;80;1;128;1;32769;-32767;1000;0;0;1;Temp. Heating Tank    ;      lowerSpu        ;   C° = Temperature;;;;;
71;0x0048;72;0;AB;0;171;171;171;0;0;1010;1011;;;;;;;;
72;0x0049;73;0;9A;0;154;154;154;0;0;1001;1010;;;;;;;;
73;0x004a;74;27;36;39;54;10038;10038   '6;10;111;11;110;;;;;;;;
74;0x004b;75;4;69;4;105;1129;1129;0;100;110;1001;;;;;;;;
75;0x004c;76;0;0;0;0;0;0;0;0;0;0;;;;;;;;
76;0x004d;77;0;0;0;0;0;0;0;0;0;0;;;;;;;;
77;0x004e;78;0;0;0;0;0;0;0;0;0;0;Heating Power;;kW;x*0.001;Geprüft_PW                        ;;;
78;0x004f;79;27;10;39;16;10000;10000;10;111;1;0;;;;;;;;
79;0x0050;80;27;10;39;16;10000;10000;10;111;1;0;;;;;;;;
80;0x0051;81;1E;3C;30;60;7740;7740;1;1110;11;1100;;;;;;;;
81;0x0052;82;0;0;0;0;0;0;0;0;0;0;;;;;;;;
82;0x0053;83;0;0;0;0;0;0;0;0;0;0;;;;;;;;
83;0x0054;84;7;D0;7;208;2000;2000;0;111;1101;0;;;;;;;;
84;0x0055;85;0;0;0;0;0;0;0;0;0;0;;;;;;;;
85;0x0056;86;0;0;0;0;0;0;0;0;0;0;;;;;;;;
86;0x0057;87;0;0;0;0;0;0;0;0;0;0;;;;;;;;
87;0x0058;88;0;E4;0;228;228;228;0;0;1110;100;;;;;;;;
88;0x0059;89;0;0;0;0;0;0;0;0;0;0;;;;;;;;
89;0x005a;90;0;0;0;0;0;0;0;0;0;0;;;;;;;;
90;0x005b;91;0;0;0;0;0;0;0;0;0;0;;;;;;;;
91;0x005c;92;0;0;0;0;0;0;0;0;0;0;;;;;;;;
92;0x005d;93;0;0;0;0;0;0;0;0;0;0;;;;;;;;
93;0x005e;94;0;0;0;0;0;0;0;0;0;0;;;;;;;;
98;0x0063;99;0;3C;0;60;60;60;0;0;11;1100;;;;;;;;
99;0x0064;100;0;5B;0;91;91;91;0;0;101;1011;KLT_DRUCK_ND            R;Low pressure;bar;x/10;;;;
100;0x0065;101;1;5A;1;90;346;346;0;1;101;1010;KLT_DRUCK_HD;;bar;x/10;;;;
101;0x0066;102;1;68;1;104;360;360;0;1;110;1000;KLT_TEMP_Heißgas;;bar;x/10;;;;
102;0x0067;103;1;41;1;65;321;321;0;1;100;1;KLT_TEMP_sauggas;;bar;x/10;;;;
103;0x0068;104;1;62;1;98;354;354;0;1;110;10;KLT_TEMP_EQein;;bar;x/10;;;;
104;0x0069;105;1;10;1;16;272;272;0;1;1;0;KLT_TEMP_EQaus;;bar;x/10;;;;
105;0x006a;106;0;85;0;133;133;133;0;0;1000;101;KLT_TEMP_Kondensat;;bar;x/10;;;;
106;0x006b;107;0;0;0;0;0;0;0;0;0;0;KLT_TEMP_Verdampfung;;bar;x/10;;;;
107;0x006c;108;1;92;1;146;402;402;0;1;1001;10;KLT_EEVprozent;R EEV position;%;;;;;
108;0x006d;109;0;0;0;0;0;0;0;0;0;0;;;;;;;;
109;0x006e;110;0;E3;0;227;227;227;0;0;1110;11;;;;;;;;
110;0x006f;111;0;7D;0;125;125;125;0;0;111;1101;;;;;;;;
111;0x0070;112;0;0;0;0;0;0;0;0;0;0;;;;;;;;
112;0x0071;113;0;8F;0;143;143;143;0;0;1000;1111;EQ_PUMPE_%;;;;R Energy source pump power;;;
117;0x0076;118;3;20;3;32;800;800;0;11;10;0;;;;;;;;
118;0x0077;119;1;90;1;144;400;400;0;1;1001;0;;;;;;;;
119;0x0078;120;0;C8;0;200;200;200;0;0;1100;1000;;;;;;;;
120;0x0079;121;0;0;0;0;0;0;0;0;0;0;;;;;;;;
121;0x007a;122;0;0;0;0;0;0;0;0;0;0;;;;;;;;
122;0x007b;123;0;40;0;64;64;64;0;0;100;0;;;;;;;;
123;0x007c;124;0;5B;0;91;91;91;0;0;101;1011;;;;;;;;
198;0x00c7;199;0;1;0;1;1;1;0;0;0;1;;;;;;;;
199;0x00c8;200;1;D6;1;214;470;470;0;1;1101;110;;;;;;;;
200;0x00c9;201;1;D5;1;213;469;469;0;1;1101;101;;;;;;;;
201;0x00ca;202;1;EC;1;236;492;492;0;1;1110;1100;;;;;;;;
202;0x00cb;203;0;0;0;0;0;0;0;0;0;0;Zapf.Ist;DoT;;;Geprüft_PW            C° = Temperature/10;;;
203;0x00cc;204;1;C2;1;194;450;450;0;1;1100;10;;;;;;;;
204;0x00cd;205;13;88;19;136;5000;5000;1;11;1000;1000;;;;;;;;
205;0x00ce;206;0;0;0;0;0;0;0;0;0;0;;;;;;;;
206;0x00cf;207;27;10;39;16;10000;10000;10;111;1;0;;;;;;;;
207;0x00d0;208;6;40;6;64;1600;1600;0;110;100;0;;;;;;;;
208;0x00d1;209;0;3;0;3;3;3;0;0;0;11;;;;;;;;
209;0x00d2;210;6;A4;6;164;1700;1700;0;110;1010;100;;;;;;;;
210;0x00d3;211;0;50;0;80;80;80;0;0;101;0;;;;;;;;
211;0x00d4;212;1;F4;1;244;500;500;0;1;1111;100;;;;;;;;
212;0x00d5;213;0;28;0;40;40;40;0;0;10;1000;;;;;;;;
213;0x00d6;214;0;2;0;2;2;2;0;0;0;10;;;;;;;;
214;0x00d7;215;1;A4;1;164;420;420;0;1;1010;100;;;;;;;;
215;0x00d8;216;0;0;0;0;0;0;0;0;0;0;;;;;;;;
216;0x00d9;217;0;1;0;1;1;1;0;0;0;1;;;;;;;;
217;0x00da;218;1;C2;1;194;450;450;0;1;1100;10;;;;;;;;
218;0x00db;219;0;0;0;0;0;0;0;0;0;0;;;;;;;;
219;0x00dc;220;0;0;0;0;0;0;0;0;0;0;;;;;;;;
220;0x00dd;221;0;4;0;4;4;4;0;0;0;100;;;;;;;;
221;0x00de;222;6;40;6;64;1600;1600;0;110;100;0;;;;;;;;
222;0x00df;223;0;14;0;20;20;20;0;0;1;100;;;;;;;;
223;0x00e0;224;0;0;0;0;0;0;0;0;0;0;;;;;;;;
224;0x00e1;225;0E;10;14;16;3600;3600;0;1110;1;0;;;;;;;;
225;0x00e2;226;0;1;0;1;1;1;0;0;0;1;;;;;;;;
226;0x00e3;227;1;A4;1;164;420;420;0;1;1010;100;;;;;;;;
227;0x00e4;228;0;1E;0;30;30;30;0;0;1;1110;;;;;;;;
228;0x00e5;229;0;32;0;50;50;50;0;0;11;10;;;;;;;;
229;0x00e6;230;0;96;0;150;150;150;0;0;1001;110;;;;;;;;
230;0x00e7;231;0;0;0;0;0;0;0;0;0;0;;;;;;;;
231;0x00e8;232;2;3A;2;58;570;570;0;10;11;1010;;;;;;;;
232;0x00e9;233;0;3C;0;60;60;60;0;0;11;1100;;;;;;;;
233;0x00ea;234;0;46;0;70;70;70;0;0;100;110;;;;;;;;
234;0x00eb;235;0;0;0;0;0;0;0;0;0;0;;;;;;;;
235;0x00ec;236;0;0;0;0;0;0;0;0;0;0;;;;;;;;
236;0x00ed;237;0;0;0;0;0;0;0;0;0;0;;;;;;;;
237;0x00ee;238;2;58;2;88;600;600;0;10;101;1000;;;;;;;;
238;0x00ef;239;0;0F;0;15;15;15;0;0;0;1111;;;;;;;;
239;0x00f0;240;0;32;0;50;50;50;0;0;11;10;;;;;;;;
240;0x00f1;241;91;95;145;149;37269;-28267;1001;1;1001;101;;;;;;;;
241;0x00f2;242;2E;32;46;50;11826;11826   .2;10;1110;11;10;;;;;;;;
248;0x00f9;249;0;0;0;0;0;0;0;0;0;0;;;;;;;;
249;0x00fa;250;0;0;0;0;0;0;0;0;0;0;;;;;;;;
250;0x00fb;251;0;0;0;0;0;0;0;0;0;0;;;;;;;;
251;0x00fc;252;0;1;0;1;1;1;0;0;0;1;;;;;;;;
253;0x00fe;254;0;1;0;1;1;1;0;0;0;1;;;;;;;;
299;0x012c;300;0;0;0;0;0;0;0;0;0;0;;;;;;;;
300;0x012d;301;0;0;0;0;0;0;0;0;0;0;;;;;;;;
301;0x012e;302;0;0;0;0;0;0;0;0;0;0;;;;;;;;
302;0x012f;303;0;0;0;0;0;0;0;0;0;0;;;;;;;;
304;0x0131;305;0;0;0;0;0;0;0;0;0;0;;;;;;;;
305;0x0132;306;0;0;0;0;0;0;0;0;0;0;;;;;;;;
306;0x0133;307;0;0;0;0;0;0;0;0;0;0;;;;;;;;
307;0x0134;308;0;0;0;0;0;0;0;0;0;0;;;;;;;;
308;0x0135;309;0;0;0;0;0;0;0;0;0;0;;;;;;;;
309;0x0136;310;0;0;0;0;0;0;0;0;0;0;;;;;;;;
310;0x0137;311;0;0;0;0;0;0;0;0;0;0;;;;;;;;
311;0x0138;312;0;0;0;0;0;0;0;0;0;0;;;;;;;;
312;0x0139;313;0;0;0;0;0;0;0;0;0;0;;;;;;;;
313;0x013a;314;0;0;0;0;0;0;0;0;0;0;;;;;;;;
314;0x013b;315;0;0;0;0;0;0;0;0;0;0;;;;;;;;
348;0x015d;349;0;0;0;0;0;0;0;0;0;0;;;;;;;;
349;0x015e;350;0;0;0;0;0;0;0;0;0;0;;;;;;;;
350;0x015f;351;0;0;0;0;0;0;0;0;0;0;;;;;;;;
351;0x0160;352;0;0;0;0;0;0;0;0;0;0;;;;;;;;
352;0x0161;353;0;0;0;0;0;0;0;0;0;0;;;;;;;;
353;0x0162;354;0;3;0;3;3;3;0;0;0;11;;;;;;;;
354;0x0163;355;0;0;0;0;0;0;0;0;0;0;Anzahl;Neustarts ?;;;;;;
399;0x0190;400;1;A3;1;163;419;419;0;1;1010;11;;;;;;;;
400;0x0191;401;0;53;0;83;83;83;0;0;101;11;;;;;;;;
401;0x0192;402;0;0;0;0;0;0;0;0;0;0;;;;;;;;
402;0x0193;403;0;E2;0;226;226;226;0;0;1110;10;;;;;;;;
403;0x0194;404;0;7C;0;124;124;124;0;0;111;1100;;;;;;;;
404;0x0195;405;0;0;0;0;0;0;0;0;0;0;;;;;;;;
405;0x0196;406;0;9B;0;155;155;155;0;0;1001;1011;;;;;;;;
406;0x0197;407;1;5E;1;94;350;350;0;1;101;1110;;;;;;;;
407;0x0198;408;0;0;0;0;0;0;0;0;0;0;;;;;;;;
408;0x0199;409;1;97;1;151;407;407;0;1;1001;111;;;;;;;;
409;0x019a;410;3;7E;3;126;894;894;0;11;111;1110;;;;;;;;
410;0x019b;411;0;0;0;0;0;0;0;0;0;0;;;;;;;;
411;0x019c;412;0;39;0;57;57;57;0;0;11;1001;;;;;;;;
412;0x019d;413;0;0D;0;13;13;13;0;0;0;1101;;;;;;;;
413;0x019e;414;0;0;0;0;0;0;0;0;0;0;;;;;;;;
414;0x019f;415;0C;97;12;151;3223;3223;0;1100;1001;111;;;;;;;;
415;0x01a0;416;0;0;0;0;0;0;0;0;0;0;;;;;;;;
416;0x01a1;417;0;0;0;0;0;0;0;0;0;0;;;;;;;;
417;0x01a2;418;0;0;0;0;0;0;0;0;0;0;;;;;;;;
418;0x01a3;419;3;7E;3;126;894;894;0;11;111;1110;;;;;;;;
419;0x01a4;420;0;0;0;0;0;0;0;0;0;0;;;;;;;;
420;0x01a5;421;0;39;0;57;57;57;0;0;11;1001;;;;;;;;
421;0x01a6;422;0;0;0;0;0;0;0;0;0;0;;;;;;;;
422;0x01a7;423;0;0;0;0;0;0;0;0;0;0;;;;;;;;
423;0x01a8;424;0;0;0;0;0;0;0;0;0;0;;;;;;;;
424;0x01a9;425;0;9D;0;157;157;157;0;0;1001;1101;;;;;;;;
425;0x01aa;426;0;0;0;0;0;0;0;0;0;0;;;;;;;;
426;0x01ab;427;0;0E;0;14;14;14;0;0;0;1110;;;;;;;;
427;;;;;;;;Aussentempetra;tur;?;;;;;;;;;;
448;0x01c1;449;0;0;0;0;0;0;0;0;0;0;;;;;;;;
449;0x01c2;450;0;0;0;0;0;0;0;0;0;0;;;;;;;;
450;0x01c3;451;0;0;0;0;0;0;0;0;0;0;;;;;;;;
451;0x01c4;452;0;0;0;0;0;0;0;0;0;0;;;;;;;;
452;0x01c5;453;0;16;0;22;22;22;0;0;1;110;;;;;;;;
453;0x01c6;454;0;0;0;0;0;0;0;0;0;0;;;;;;;;
454;0x01c7;455;0;0F;0;15;15;15;0;0;0;1111;;;;;;;;
455;0x01c8;456;0;1;0;1;1;1;0;0;0;1;;;;;;;;
456;0x01c9;457;0;1;0;1;1;1;0;0;0;1;;;;;;;;
457;0x01ca;458;0;0;0;0;0;0;0;0;0;0;;;;;;;;
458;0x01cb;459;0;4;0;4;4;4;0;0;0;100;;;;;;;;
498;0x01f3;499;0;1;0;1;1;1;0;0;0;1;;;;;;;;
499;0x01f4;500;1F;40;31;64;8000;8000;1;1111;100;0;;;;;;;;
500;0x01f5;501;8;CA;8;202;2250;2250;0;1000;1100;1010;;;;;;;;
501;0x01f6;502;1;1;1;1;257;257;0;1;0;1;;;;;;;;
502;0x01f7;503;0;F4;0;244;244;244;0;0;1111;100;HKR1                    Vo;rlaufH1VL;;;Geprüft_PW             C° = Temperature/10;;;
503;0x01f8;504;1;BE;1;190;446;446;0;1;1011;1110;HKR1                    Rü;cklaufH1RL;;;Geprüft_PW             C° = Temperature/10;;;
504;0x01f9;505;0;9B;0;155;155;155;0;0;1001;1011;;;;;;;;
505;0x01fa;506;0;0;0;0;0;0;0;0;0;0;AussenT.durchschnitt;AT;;;???                 C° = Temperature/10;;;
506;0x01fb;507;0;7;0;7;7;7;0;0;0;111;;;;;;;;
507;0x01fc;508;0;4;0;4;4;4;0;0;0;100;;;;;;;;
508;0x01fd;509;0;3;0;3;3;3;0;0;0;11;;;;;;;;
509;0x01fe;510;0;0;0;0;0;0;0;0;0;0;;;;;;;;
510;0x01ff;511;0;BE;0;190;190;190;0;0;1011;1110;;;;;;;;
511;0x0200;512;1;40;1;64;320;320;0;1;100;0;;;;;;;;
512;0x0201;513;0;BE;0;190;190;190;0;0;1011;1110;;;;;;;;
513;0x0202;514;0;0F;0;15;15;15;0;0;0;1111;;;;;;;;
514;0x0203;515;0;1;0;1;1;1;0;0;0;1;;;;;;;;
515;0x0204;516;0;1;0;1;1;1;0;0;0;1;;;;;;;;
516;0x0205;517;FF;EC;255;236;65516;-20;1111;1111;1110;1100;;;;;;;;
517;0x0206;518;0;28;0;40;40;40;0;0;10;1000;;;;;;;;
518;0x0207;519;0;78;0;120;120;120;0;0;111;1000;;;;;;;;
519;0x0208;520;0;96;0;150;150;150;0;0;1001;110;;;;;;;;
520;0x0209;521;0;FA;0;250;250;250;0;0;1111;1010;;;;;;;;
521;0x020a;522;0;0;0;0;0;0;0;0;0;0;;;;;;;;
522;0x020b;523;0;D2;0;210;210;210;0;0;1101;10;;;;;;;;
523;0x020c;524;0;0;0;0;0;0;0;0;0;0;;;;;;;;
524;0x020d;525;0;D2;0;210;210;210;0;0;1101;10;;;;;;;;
525;0x020e;526;0;3C;0;60;60;60;0;0;11;1100;;;;;;;;
526;0x020f;527;0;28;0;40;40;40;0;0;10;1000;;;;;;;;
527;0x0210;528;0;0;0;0;0;0;0;0;0;0;;;;;;;;
528;0x0211;529;80;1;128;1;32769;-32767;1000;0;0;1;;;;;;;;
529;0x0212;530;8;CA;8;202;2250;2250;0;1000;1100;1010;;;;;;;;
530;0x0213;531;0;0;0;0;0;0;0;0;0;0;;;;;;;;
531;0x0214;532;0;64;0;100;100;100;0;0;110;100;;;;;;;;
532;0x0215;533;0;DC;0;220;220;220;0;0;1101;1100;;;;;;;;
533;0x0216;534;0;64;0;100;100;100;0;0;110;100;;;;;;;;
534;0x0217;535;0;14;0;20;20;20;0;0;1;100;;;;;;;;
535;0x0218;536;0;0;0;0;0;0;0;0;0;0;;;;;;;;
536;0x0219;537;0E;10;14;16;3600;3600;0;1110;1;0;;;;;;;;
537;0x021a;538;0;14;0;20;20;20;0;0;1;100;;;;;;;;
538;0x021b;539;0;5;0;5;5;5;0;0;0;101;;;;;;;;
539;0x021c;540;0;0;0;0;0;0;0;0;0;0;;;;;;;;
540;0x021d;541;0;1;0;1;1;1;0;0;0;1;;;;;;;;
541;0x021e;542;0;0;0;0;0;0;0;0;0;0;;;;;;;;
542;0x021f;543;0;1;0;1;1;1;0;0;0;1;;;;;;;;
543;0x0220;544;0;1;0;1;1;1;0;0;0;1;;;;;;;;
544;0x0221;545;0;32;0;50;50;50;0;0;11;10;;;;;;;;
545;0x0222;546;0;1;0;1;1;1;0;0;0;1;;;;;;;;
546;0x0223;547;0;B4;0;180;180;180;0;0;1011;100;;;;;;;;
547;0x0224;548;0;0A;0;10;10;10;0;0;0;1010;;;;;;;;
548;0x0225;549;0;0;0;0;0;0;0;0;0;0;;;;;;;;
549;0x0226;550;0;0;0;0;0;0;0;0;0;0;;;;;;;;
550;0x0227;551;0;0;0;0;0;0;0;0;0;0;;;;;;;;
551;0x0228;552;0;0;0;0;0;0;0;0;0;0;;;;;;;;
552;0x0229;553;1;F4;1;244;500;500;0;1;1111;100;;;;;;;;
553;0x022a;554;1;0;1;0;256;256;0;1;0;0;;;;;;;;
554;0x022b;555;0;1E;0;30;30;30;0;0;1;1110;HK1 VL Soll;SollVLso;;;Geprüft_PW           C° = Temperature/10;;;
555;0x022c;556;0;E2;0;226;226;226;0;0;1110;10;VL;SollDiff;;;.VLsd              ??                  K = Wert / 10;;;
556;0x022d;557;0;96;0;150;150;150;0;0;1001;110;HK1 RL Soll;Solltempe;;;raturHReS          Geprüft_PW          C° = Temperature/10;;;
557;0x022e;558;0;14;0;20;20;20;0;0;1;100;;;;;;;;
558;0x022f;559;17;70;23;112;6000;6000;1;111;111;0;;;;;;;;
559;0x0230;560;1F;40;31;64;8000;8000;1;1111;100;0;;;;;;;;
560;0x0231;561;0;1;0;1;1;1;0;0;0;1;;;;;;;;
561;0x0232;562;0;1;0;1;1;1;0;0;0;1;;;;;;;;
562;0x0233;563;0;0;0;0;0;0;0;0;0;0;;;;;;;;
563;0x0234;564;0;0;0;0;0;0;0;0;0;0;;;;;;;;
564;0x0235;565;0;1;0;1;1;1;0;0;0;1;;;;;;;;
565;0x0236;566;0;1;0;1;1;1;0;0;0;1;;;;;;;;
566;0x0237;567;0;1;0;1;1;1;0;0;0;1;;;;;;;;
567;0x0238;568;0;1;0;1;1;1;0;0;0;1;;;;;;;;
568;0x0239;569;0;2;0;2;2;2;0;0;0;10;;;;;;;;
569;0x023a;570;0;1;0;1;1;1;0;0;0;1;;;;;;;;
570;0x023b;571;0;B4;0;180;180;180;0;0;1011;100;;;;;;;;
571;0x023c;572;0;0A;0;10;10;10;0;0;0;1010;;;;;;;;
572;0x023d;573;0;0;0;0;0;0;0;0;0;0;;;;;;;;
573;0x023e;574;1;90;1;144;400;400;0;1;1001;0;;;;;;;;
574;0x023f;575;3;DE;3;222;990;990;0;11;1101;1110;;;;;;;;
575;0x0240;576;0;0;0;0;0;0;0;0;0;0;;;;;;;;
577;0x0242;578;0;1;0;1;1;1;0;0;0;1;;;;;;;;
578;0x0243;579;0;0;0;0;0;0;0;0;0;0;;;;;;;;
579;0x0244;580;0;0E;0;14;14;14;0;0;0;1110;;;;;;;;
580;0x0245;581;0;1;0;1;1;1;0;0;0;1;;;;;;;;
581;0x0246;582;0;0;0;0;0;0;0;0;0;0;;;;;;;;
582;0x0247;583;27;10;39;16;10000;10000;10;111;1;0;;;;;;;;
583;0x0248;584;0;0;0;0;0;0;0;0;0;0;;;;;;;;
584;0x0249;585;27;10;39;16;10000;10000;10;111;1;0;;;;;;;;
585;0x024a;586;0;0;0;0;0;0;0;0;0;0;;;;;;;;
586;0x024b;587;0;0;0;0;0;0;0;0;0;0;;;;;;;;
587;0x024c;588;0;0;0;0;0;0;0;0;0;0;;;;;;;;
588;0x024d;589;0;32;0;50;50;50;0;0;11;10;;;;;;;;
589;0x024e;590;0E;10;14;16;3600;3600;0;1110;1;0;;;;;;;;
590;0x024f;591;0;0;0;0;0;0;0;0;0;0;;;;;;;;
591;0x0250;592;0;32;0;50;50;50;0;0;11;10;;;;;;;;
592;0x0251;593;0E;10;14;16;3600;3600;0;1110;1;0;;;;;;;;
593;0x0252;594;0;0;0;0;0;0;0;0;0;0;;;;;;;;
594;0x0253;595;0;3C;0;60;60;60;0;0;11;1100;;;;;;;;
595;0x0254;596;0;0;0;0;0;0;0;0;0;0;;;;;;;;
596;0x0255;597;0;3C;0;60;60;60;0;0;11;1100;;;;;;;;
597;0x0256;598;0;0;0;0;0;0;0;0;0;0;;;;;;;;
598;0x0257;599;0;0;0;0;0;0;0;0;0;0;;;;;;;;
599;0x0258;600;0;0;0;0;0;0;0;0;0;0;;;;;;;;
600;0x0259;601;0;0;0;0;0;0;0;0;0;0;;;;;;;;
601;0x025a;602;0;0;0;0;0;0;0;0;0;0;;;;;;;;
602;0x025b;603;0;0;0;0;0;0;0;0;0;0;;;;;;;;
603;0x025c;604;0;0;0;0;0;0;0;0;0;0;;;;;;;;
604;0x025d;605;0;0;0;0;0;0;0;0;0;0;;;;;;;;
605;0x025e;606;0;3;0;3;3;3;0;0;0;11;;;;;;;;
606;0x025f;607;0;0;0;0;0;0;0;0;0;0;;;;;;;;
607;0x0260;608;2;8A;2;138;650;650;0;10;1000;1010;;;;;;;;
608;0x0261;609;0;5;0;5;5;5;0;0;0;101;;;;;;;;
609;0x0262;610;0;0;0;0;0;0;0;0;0;0;;;;;;;;
610;0x0263;611;0;0;0;0;0;0;0;0;0;0;;;;;;;;
611;0x0264;612;0;0;0;0;0;0;0;0;0;0;;;;;;;;
612;0x0265;613;2;8A;2;138;650;650;0;10;1000;1010;;;;;;;;
613;0x0266;614;0;0A;0;10;10;10;0;0;0;1010;;;;;;;;
614;0x0267;615;0;0;0;0;0;0;0;0;0;0;;;;;;;;
615;0x0268;616;0;1;0;1;1;1;0;0;0;1;;;;;;;;
616;0x0269;617;0;3;0;3;3;3;0;0;0;11;;;;;;;;
617;0x026a;618;FF;6A;255;106;65386;-150;1111;1111;110;1010;;;;;;;;
618;0x026b;619;FF;9C;255;156;65436;-100;1111;1111;1001;1100;;;;;;;;
619;0x026c;620;1;2C;1;44;300;300;0;1;10;1100;;;;;;;;
620;0x026d;621;0;28;0;40;40;40;0;0;10;1000;;;;;;;;
621;0x026e;622;0;5;0;5;5;5;0;0;0;101;;;;;;;;
622;0x026f;623;0;0A;0;10;10;10;0;0;0;1010;;;;;;;;
623;0x0270;624;FF;2E;255;46;65326;-210;1111;1111;10;1110;;;;;;;;
624;0x0271;625;FF;B0;255;176;65456;-80;1111;1111;1011;0;;;;;;;;
625;0x0272;626;1;F4;1;244;500;500;0;1;1111;100;;;;;;;;
626;0x0273;627;0;32;0;50;50;50;0;0;11;10;;;;;;;;
627;0x0274;628;2;8A;2;138;650;650;0;10;1000;1010;;;;;;;;
628;0x0275;629;0;0;0;0;0;0;0;0;0;0;;;;;;;;
629;0x0276;630;0;0;0;0;0;0;0;0;0;0;;;;;;;;
630;0x0277;631;0;0;0;0;0;0;0;0;0;0;;;;;;;;
631;0x0278;632;0;0;0;0;0;0;0;0;0;0;;;;;;;;
632;0x0279;633;0;0;0;0;0;0;0;0;0;0;;;;;;;;
639;0x0280;640;0;1;0;1;1;1;0;0;0;1;;;;;;;;
640;0x0281;641;0;1;0;1;1;1;0;0;0;1;;;;;;;;
649;0x028a;650;1;7C;1;124;380;380;0;1;111;1100;;;;;;;;
652;0x028d;653;0;0F;0;15;15;15;0;0;0;1111;;;;;;;;
653;0x028e;654;0;0A;0;10;10;10;0;0;0;1010;;;;;;;;
656;0x0291;657;0;1;0;1;1;1;0;0;0;1;;;;;;;;
657;0x0292;658;0;1;0;1;1;1;0;0;0;1;;;;;;;;
658;0x0293;659;0;32;0;50;50;50;0;0;11;10;;;;;;;;
659;0x0294;660;0;0;0;0;0;0;0;0;0;0;;;;;;;;
698;0x02bb;699;2;8;2;8;520;520;0;10;0;1000;;;;;;;;
699;0x02bc;700;0;28;0;40;40;40;0;0;10;1000;;;;;;;;
700;0x02bd;701;0;0;0;0;0;0;0;0;0;0;;;;;;;;
701;0x02be;702;0;0;0;0;0;0;0;0;0;0;;;;;;;;
702;0x02bf;703;0;3;0;3;3;3;0;0;0;11;;;;;;;;
703;0x02c0;704;0;0A;0;10;10;10;0;0;0;1010;;;;;;;;
704;0x02c1;705;0;82;0;130;130;130;0;0;1000;10;;;;;;;;
705;0x02c2;706;0;1E;0;30;30;30;0;0;1;1110;;;;;;;;
706;0x02c3;707;0;0;0;0;0;0;0;0;0;0;;;;;;;;
707;0x02c4;708;0;2;0;2;2;2;0;0;0;10;;;;;;;;
708;0x02c5;709;27;0F;39;15;9999;9999;10;111;0;1111;;;;;;;;
709;0x02c6;710;0;0;0;0;0;0;0;0;0;0;;;;;;;;
710;0x02c7;711;0;0F;0;15;15;15;0;0;0;1111;;;;;;;;
748;0x02ed;749;0;0;0;0;0;0;0;0;0;0;;;;;;;;
798;0x031f;799;0;0;0;0;0;0;0;0;0;0;;;;;;;;
799;0x0320;800;3;E7;3;231;999;999;0;11;1110;111;;;;;;;;
800;0x0321;801;0;F0;0;240;240;240;0;0;1111;0;;;;;;;;
801;0x0322;802;0;1E;0;30;30;30;0;0;1;1110;;;;;;;;
802;0x0323;803;0;0;0;0;0;0;0;0;0;0;;;;;;;;
803;0x0324;804;0;1E;0;30;30;30;0;0;1;1110;;;;;;;;
804;0x0325;805;7;8;7;8;1800;1800;0;111;0;1000;;;;;;;;
805;0x0326;806;0;3;0;3;3;3;0;0;0;11;;;;;;;;
848;0x0351;849;0;0;0;0;0;0;0;0;0;0;;;;;;;;
849;0x0352;850;0;0;0;0;0;0;0;0;0;0;;;;;;;;
850;0x0353;851;0;1;0;1;1;1;0;0;0;1;;;;;;;;
851;0x0354;852;0;0;0;0;0;0;0;0;0;0;;;;;;;;
898;0x0383;899;0;0;0;0;0;0;0;0;0;0;;;;;;;;
899;0x0384;900;0;0;0;0;0;0;0;0;0;0;;;;;;;;
900;0x0385;901;0;0;0;0;0;0;0;0;0;0;;;;;;;;
901;0x0386;902;0;0;0;0;0;0;0;0;0;0;;;;;;;;
902;0x0387;903;0;0;0;0;0;0;0;0;0;0;;;;;;;;
903;0x0388;904;0;0;0;0;0;0;0;0;0;0;;;;;;;;
904;0x0389;905;0;0;0;0;0;0;0;0;0;0;;;;;;;;
905;0x038a;906;0;0;0;0;0;0;0;0;0;0;;;;;;;;
906;0x038b;907;0;0;0;0;0;0;0;0;0;0;;;;;;;;
907;0x038c;908;0;0;0;0;0;0;0;0;0;0;;;;;;;;
920;0x0399;921;0;0;0;0;0;0;0;0;0;0;;;;;;;;
921;0x039a;922;0;0;0;0;0;0;0;0;0;0;;;;;;;;
922;0x039b;923;0;0;0;0;0;0;0;0;0;0;;;;;;;;
923;0x039c;924;0;0;0;0;0;0;0;0;0;0;;;;;;;;
924;0x039d;925;0;0;0;0;0;0;0;0;0;0;;;;;;;;
925;0x039e;926;0;0;0;0;0;0;0;0;0;0;;;;;;;;
926;0x039f;927;0;0;0;0;0;0;0;0;0;0;;;;;;;;
927;0x03a0;928;0;0;0;0;0;0;0;0;0;0;;;;;;;;
928;0x03a1;929;0;0;0;0;0;0;0;0;0;0;;;;;;;;
929;0x03a2;930;0;0;0;0;0;0;0;0;0;0;;;;;;;;
930;0x03a3;931;0;0;0;0;0;0;0;0;0;0;;;;;;;;
931;0x03a4;932;0;0;0;0;0;0;0;0;0;0;;;;;;;;
932;0x03a5;933;0;0;0;0;0;0;0;0;0;0;;;;;;;;
933;0x03a6;934;0;0;0;0;0;0;0;0;0;0;;;;;;;;
934;0x03a7;935;0;0;0;0;0;0;0;0;0;0;;;;;;;;
935;0x03a8;936;0;0;0;0;0;0;0;0;0;0;;;;;;;;
936;0x03a9;937;0;0;0;0;0;0;0;0;0;0;;;;;;;;
937;0x03aa;938;0;0;0;0;0;0;0;0;0;0;;;;;;;;
938;0x03ab;939;0;0;0;0;0;0;0;0;0;0;;;;;;;;
939;0x03ac;940;0;0;0;0;0;0;0;0;0;0;;;;;;;;
940;0x03ad;941;0;0;0;0;0;0;0;0;0;0;;;;;;;;
941;0x03ae;942;0;0;0;0;0;0;0;0;0;0;;;;;;;;
942;0x03af;943;0;0;0;0;0;0;0;0;0;0;;;;;;;;
943;0x03b0;944;0;0;0;0;0;0;0;0;0;0;;;;;;;;
944;0x03b1;945;0;0;0;0;0;0;0;0;0;0;;;;;;;;
945;0x03b2;946;0;0;0;0;0;0;0;0;0;0;;;;;;;;
947;0x03b4;948;0;0;0;0;0;0;0;0;0;0;;;;;;;;
948;0x03b5;949;0;0;0;0;0;0;0;0;0;0;;;;;;;;
949;0x03b6;950;0;0;0;0;0;0;0;0;0;0;;;;;;;;
950;0x03b7;951;0;0;0;0;0;0;0;0;0;0;;;;;;;;
951;0x03b8;952;0;0;0;0;0;0;0;0;0;0;;;;;;;;
952;0x03b9;953;0;0;0;0;0;0;0;0;0;0;;;;;;;;
953;0x03ba;954;0;0;0;0;0;0;0;0;0;0;;;;;;;;
954;0x03bb;955;0;0;0;0;0;0;0;0;0;0;;;;;;;;
955;0x03bc;956;0;0;0;0;0;0;0;0;0;0;;;;;;;;
956;0x03bd;957;0;0;0;0;0;0;0;0;0;0;;;;;;;;
957;0x03be;958;0;0;0;0;0;0;0;0;0;0;;;;;;;;
958;0x03bf;959;0;0;0;0;0;0;0;0;0;0;;;;;;;;
959;0x03c0;960;0;0;0;0;0;0;0;0;0;0;;;;;;;;
960;0x03c1;961;0;0;0;0;0;0;0;0;0;0;;;;;;;;
963;0x03c4;964;0;0;0;0;0;0;0;0;0;0;;;;;;;;
964;0x03c5;965;1;F4;1;244;500;500;0;1;1111;100;;;;;;;;
965;0x03c6;966;0;0;0;0;0;0;0;0;0;0;;;;;;;;
966;0x03c7;967;0;0;0;0;0;0;0;0;0;0;;;;;;;;
968;0x03c9;969;0;0;0;0;0;0;0;0;0;0;;;;;;;;
969;0x03ca;970;0;0;0;0;0;0;0;0;0;0;;;;;;;;
970;0x03cb;971;0;0;0;0;0;0;0;0;0;0;;;;;;;;
971;0x03cc;972;0;0;0;0;0;0;0;0;0;0;;;;;;;;
972;0x03cd;973;0;0;0;0;0;0;0;0;0;0;;;;;;;;
973;0x03ce;974;0;0;0;0;0;0;0;0;0;0;;;;;;;;
974;0x03cf;975;0;0;0;0;0;0;0;0;0;0;;;;;;;;
975;0x03d0;976;0;0;0;0;0;0;0;0;0;0;;;;;;;;
976;0x03d1;977;0;0;0;0;0;0;0;0;0;0;;;;;;;;
977;0x03d2;978;0;0;0;0;0;0;0;0;0;0;;;;;;;;
978;0x03d3;979;0;0;0;0;0;0;0;0;0;0;;;;;;;;
979;0x03d4;980;0;0;0;0;0;0;0;0;0;0;;;;;;;;
982;0x03d7;983;0;0;0;0;0;0;0;0;0;0;;;;;;;;
983;0x03d8;984;0;0;0;0;0;0;0;0;0;0;;;;;;;;
988;0x03dd;989;0;0;0;0;0;0;0;0;0;0;;;;;;;;
989;0x03de;990;0;0;0;0;0;0;0;0;0;0;;;;;;;;
990;0x03df;991;0;0;0;0;0;0;0;0;0;0;;;;;;;;
991;0x03e0;992;0;0;0;0;0;0;0;0;0;0;;;;;;;;
992;0x03e1;993;0;0;0;0;0;0;0;0;0;0;;;;;;;;
993;0x03e2;994;0;0;0;0;0;0;0;0;0;0;;;;;;;;
998;0x03e7;999;31;8;49;8;12552;12552;11;1;0;1000;;;;;;;;
1008;0x03f1;1009;0;0;0;0;0;0;0;0;0;0;;;;;;;;
1009;0x03f2;1010;0;0;0;0;0;0;0;0;0;0;;;;;;;;
1012;0x03f5;1013;0;0;0;0;0;0;0;0;0;0;;;;;;;;
1013;0x03f6;1014;0;0;0;0;0;0;0;0;0;0;;;;;;;;
1014;0x03f7;1015;0;0;0;0;0;0;0;0;0;0;;;;;;;;
1015;0x03f8;1016;0;28;0;40;40;40;0;0;10;1000;;;;;;;;
1016;0x03f9;1017;0;0;0;0;0;0;0;0;0;0;;;;;;;;
1017;0x03fa;1018;0;0;0;0;0;0;0;0;0;0;;;;;;;;
1098;0x044b;1099;0;1;0;1;1;1;0;0;0;1;;;;;;;;
1099;0x044c;1100;0;0;0;0;0;0;0;0;0;0;;;;;;;;
1100;0x044d;1101;0;0;0;0;0;0;0;0;0;0;;;;;;;;
1101;0x044e;1102;0;0;0;0;0;0;0;0;0;0;;;;;;;;
1103;0x0450;1104;0;0;0;0;0;0;0;0;0;0;;;;;;;;
1148;0x047d;1149;0;0;0;0;0;0;0;0;0;0;;;;;;;;
1198;0x04af;1199;0;0;0;0;0;0;0;0;0;0;;;;;;;;
1199;0x04b0;1200;0;0;0;0;0;0;0;0;0;0;;;;;;;;
1200;0x04b1;1201;0;0;0;0;0;0;0;0;0;0;;;;;;;;
1201;0x04b2;1202;0;0;0;0;0;0;0;0;0;0;;;;;;;;
1202;0x04b3;1203;0;0;0;0;0;0;0;0;0;0;;;;;;;;
1203;0x04b4;1204;0;0;0;0;0;0;0;0;0;0;;;;;;;;
1248;0x04e1;1249;0;0;0;0;0;0;0;0;0;0;;;;;;;;
1249;0x04e2;1250;0;0;0;0;0;0;0;0;0;0;;;;;;;;
1250;0x04e3;1251;0;0;0;0;0;0;0;0;0;0;;;;;;;;
1298;0x0513;1299;0;0;0;0;0;0;0;0;0;0;;;;;;;;
1299;0x0514;1300;0;0;0;0;0;0;0;0;0;0;;;;;;;;
1300;0x0515;1301;0;0;0;0;0;0;0;0;0;0;;;;;;;;
1301;0x0516;1302;0;3;0;3;3;3;0;0;0;11;;;;;;;;
1302;0x0517;1303;0;3;0;3;3;3;0;0;0;11;;;;;;;;
1303;0x0518;1304;0;3;0;3;3;3;0;0;0;11;;;;;;;;
1398;0x0577;1399;0;0;0;0;0;0;0;0;0;0;;;;;;;;
1399;0x0578;1400;1;5E;1;94;350;350;0;1;101;1110;;;;;;;;
1400;0x0579;1401;0;0;0;0;0;0;0;0;0;0;;;;;;;;
1401;0x057a;1402;0;0;0;0;0;0;0;0;0;0;;;;;;;;
1402;0x057b;1403;0;0;0;0;0;0;0;0;0;0;;;;;;;;
1403;0x057c;1404;0;0;0;0;0;0;0;0;0;0;;;;;;;;
1404;0x057d;1405;15;18;21;24;5400;5400;1;101;1;1000;;;;;;;;
1405;0x057e;1406;0;0;0;0;0;0;0;0;0;0;;;;;;;;
1406;0x057f;1407;4;B0;4;176;1200;1200;0;100;1011;0;;;;;;;;
1407;0x0580;1408;0;0;0;0;0;0;0;0;0;0;;;;;;;;
1408;0x0581;1409;0;28;0;40;40;40;0;0;10;1000;;;;;;;;
1409;0x0582;1410;0;0;0;0;0;0;0;0;0;0;;;;;;;;
1410;0x0583;1411;5;DC;5;220;1500;1500;0;101;1101;1100;;;;;;;;
1411;0x0584;1412;0;1;0;1;1;1;0;0;0;1;;;;;;;;
1998;0x07cf;1999;0;1;0;1;1;1;0;0;0;1;;;;;;;;
1999;0x07d0;2000;0;0;0;0;0;0;0;0;0;0;;;;;;;;
2000;0x07d1;2001;1;0;1;0;256;256;0;1;0;0;;;;;;;;
2001;0x07d2;2002;3;B6;3;182;950;950;0;11;1011;110;;;;;;;;
2002;0x07d3;2003;1;41;1;65;321;321;0;1;100;1;;;;;;;;
2003;0x07d4;2004;1;61;1;97;353;353;0;1;110;1;EQ ein;EQin;;;???                 °C =;;;
2004;0x07d5;2005;0;0;0;0;0;0;0;0;0;0;EQ aus;EQou;;;???                     °C =;;;
2005;0x07d6;2006;0;0;0;0;0;0;0;0;0;0;;;;;;;;
2048;0x0801;2049;0;0;0;0;0;0;0;0;0;0;;;;;;;;
2049;0x0802;2050;0;0;0;0;0;0;0;0;0;0;;;;;;;;
2050;0x0803;2051;0;0;0;0;0;0;0;0;0;0;;;;;;;;
2051;0x0804;2052;0;0;0;0;0;0;0;0;0;0;;;;;;;;
2052;0x0805;2053;0;0;0;0;0;0;0;0;0;0;;;;;;;;
2053;0x0806;2054;0;0;0;0;0;0;0;0;0;0;;;;;;;;
2054;0x0807;2055;0;0;0;0;0;0;0;0;0;0;;;;;;;;
2055;0x0808;2056;0;0;0;0;0;0;0;0;0;0;;;;;;;;
2056;0x0809;2057;0;1;0;1;1;1;0;0;0;1;;;;;;;;
2998;0x0bb7;2999;0;0;0;0;0;0;0;0;0;0;;;;;;;;
2999;0x0bb8;3000;0;1;0;1;1;1;0;0;0;1;;;;;;;;
3000;0x0bb9;3001;0;18;0;24;24;24;0;0;1;1000;;;;;;;;
